user_id,user_grade,user_sex,user_region,user_city,user_community,user_school,user_current_grade,user_created_at,user_updated_at,region_name
36,10,0,11,10,228,497,11,2019-06-06 13:01:39,2019-06-06 19:31:09,Armavir
37,11,1,11,10,238,507,11,2019-06-06 13:06:10,2019-06-06 13:06:10,Armavir
38,11,1,11,10,239,508,11,2019-06-06 13:06:30,2019-06-06 13:06:30,Armavir
39,10,0,11,10,239,508,10,2019-06-06 13:06:53,2019-06-06 13:06:53,Armavir
40,11,0,11,10,231,500,11,2019-06-06 13:07:04,2019-06-06 13:07:04,Armavir
41,9,0,11,10,233,502,9,2019-06-06 13:07:08,2019-06-06 13:07:08,Armavir
42,9,0,11,10,233,502,9,2019-06-06 13:07:12,2019-06-06 13:07:12,Armavir
43,11,0,11,10,233,502,11,2019-06-06 13:07:29,2019-06-06 13:07:29,Armavir
44,11,0,11,10,233,502,11,2019-06-06 13:09:06,2019-06-06 13:09:06,Armavir
45,9,1,11,10,220,487,9,2019-06-06 13:32:24,2019-06-06 13:32:24,Armavir
46,8,1,11,9,209,465,8,2019-06-06 14:35:29,2019-06-06 14:35:29,Armavir
47,8,1,11,10,222,489,8,2019-06-06 14:35:52,2019-06-06 14:35:52,Armavir
48,8,1,11,10,222,489,8,2019-06-06 14:36:53,2019-06-06 14:36:53,Armavir
49,8,1,1,1,6,89,8,2019-06-06 15:09:52,2019-06-06 15:09:52,Yerevan
50,11,1,1,1,2,29,11,2019-06-06 15:51:33,2019-06-06 15:51:33,Yerevan
51,11,0,11,10,218,484,11,2019-06-06 15:56:31,2019-06-06 15:56:31,Armavir
52,10,1,11,10,236,505,10,2019-06-06 17:10:57,2019-06-06 17:10:57,Armavir
53,10,0,11,10,231,500,10,2019-06-06 17:40:27,2019-06-06 17:40:27,Armavir
54,11,1,11,10,218,491,11,2019-06-06 17:41:54,2019-06-06 17:41:54,Armavir
55,9,0,11,10,223,492,9,2019-06-06 19:29:22,2019-06-06 19:29:22,Armavir
56,11,0,11,10,231,500,11,2019-06-06 20:25:22,2019-06-09 15:53:29,Armavir
57,10,0,11,10,236,505,10,2019-06-06 20:58:28,2019-06-06 20:58:28,Armavir
58,10,1,2,3,53,269,9,2019-06-07 07:26:52,2019-06-07 07:27:39,Aragatcotn
59,11,1,11,10,239,508,11,2019-06-07 07:36:53,2019-06-07 07:36:53,Armavir
60,11,1,11,10,239,508,11,2019-06-07 08:13:25,2019-06-07 08:13:25,Armavir
61,11,1,11,10,239,508,11,2019-06-07 08:16:21,2019-06-07 08:16:21,Armavir
62,8,0,11,10,250,522,8,2019-06-07 10:05:29,2019-06-07 10:05:29,Armavir
63,8,0,11,10,250,522,8,2019-06-07 10:05:49,2019-06-07 10:05:49,Armavir
64,11,1,11,10,241,511,11,2019-06-07 10:06:38,2019-06-07 10:06:38,Armavir
65,9,0,11,9,214,470,9,2019-06-07 10:07:23,2019-06-07 10:07:23,Armavir
66,8,1,11,10,113,517,8,2019-06-07 10:31:12,2019-06-07 10:31:12,Armavir
67,10,0,11,10,237,506,10,2019-06-07 10:31:30,2019-06-07 10:31:30,Armavir
68,10,0,11,10,242,512,10,2019-06-07 10:32:35,2019-06-07 10:32:35,Armavir
69,11,0,11,10,218,491,11,2019-06-07 10:33:10,2019-06-07 10:33:10,Armavir
70,8,1,11,10,250,522,8,2019-06-07 10:37:09,2019-06-07 10:37:09,Armavir
71,8,1,11,10,244,514,8,2019-06-07 10:38:43,2019-06-07 10:38:43,Armavir
72,8,0,11,10,250,522,8,2019-06-07 10:39:01,2019-06-07 10:39:01,Armavir
73,10,0,11,10,237,506,10,2019-06-07 15:34:45,2019-06-07 15:34:45,Armavir
74,9,0,11,10,218,491,9,2019-06-07 17:23:46,2019-06-07 17:23:46,Armavir
75,9,0,11,10,224,493,9,2019-06-08 07:27:18,2019-06-10 11:55:43,Armavir
76,9,0,11,10,224,493,9,2019-06-08 07:30:18,2019-06-08 07:30:18,Armavir
77,9,1,11,10,224,493,9,2019-06-08 07:32:25,2019-06-08 07:32:25,Armavir
78,9,1,11,10,224,493,9,2019-06-08 07:33:30,2019-06-08 07:33:30,Armavir
79,9,1,11,10,224,493,9,2019-06-08 07:44:36,2019-06-08 07:44:36,Armavir
80,9,1,11,10,224,493,9,2019-06-08 07:53:13,2019-06-08 07:53:13,Armavir
81,11,1,11,10,224,493,11,2019-06-08 08:01:53,2019-06-08 08:01:53,Armavir
82,10,0,11,10,224,493,10,2019-06-08 08:16:09,2019-06-08 08:16:09,Armavir
83,10,0,11,10,224,493,10,2019-06-08 08:19:34,2019-06-08 08:19:34,Armavir
84,9,0,11,10,244,514,9,2019-06-08 08:36:58,2019-06-09 09:40:32,Armavir
85,8,0,11,10,224,493,8,2019-06-08 08:44:20,2019-06-08 08:44:20,Armavir
86,10,1,11,10,244,514,10,2019-06-08 08:46:59,2019-06-08 08:46:59,Armavir
87,8,0,11,10,244,514,8,2019-06-08 09:09:36,2019-06-08 09:09:36,Armavir
88,11,1,11,10,224,493,11,2019-06-08 09:44:38,2019-06-08 09:44:38,Armavir
89,9,0,11,10,244,514,9,2019-06-08 09:55:16,2019-06-08 10:04:59,Armavir
90,8,0,11,10,224,493,8,2019-06-08 13:17:13,2019-06-08 13:17:13,Armavir
91,8,0,11,10,244,514,8,2019-06-08 13:43:48,2019-06-08 14:01:24,Armavir
92,10,0,11,10,228,497,10,2019-06-08 18:50:43,2019-06-08 18:50:43,Armavir
93,8,0,11,10,244,514,8,2019-06-08 20:24:38,2019-06-08 20:25:10,Armavir
94,8,1,11,10,224,493,8,2019-06-08 20:42:20,2019-06-08 20:42:20,Armavir
95,10,1,11,10,244,514,10,2019-06-09 11:17:18,2019-06-09 12:45:42,Armavir
96,8,0,11,10,244,514,8,2019-06-09 12:07:38,2019-06-09 12:07:38,Armavir
97,9,0,11,10,250,522,9,2019-06-09 12:16:56,2019-06-09 12:16:56,Armavir
98,8,0,11,10,250,522,8,2019-06-09 19:51:33,2019-07-01 15:26:43,Armavir
99,9,1,11,10,218,484,9,2019-06-10 10:11:02,2019-06-10 10:11:02,Armavir
100,9,0,11,10,237,506,9,2019-06-10 13:41:19,2019-06-10 13:41:19,Armavir
101,8,0,11,10,222,489,8,2019-06-10 13:43:11,2019-06-10 13:43:11,Armavir
102,8,0,11,10,222,489,8,2019-06-10 13:54:25,2019-06-10 13:54:25,Armavir
103,8,0,11,10,236,505,8,2019-06-10 16:28:35,2019-06-10 16:28:35,Armavir
104,9,0,11,10,238,507,9,2019-06-10 18:51:51,2019-06-10 18:51:51,Armavir
105,8,1,11,10,222,489,8,2019-06-11 09:49:00,2019-06-11 09:49:00,Armavir
106,8,1,11,11,260,546,8,2019-06-11 10:11:34,2019-06-11 10:50:33,Armavir
107,8,1,11,11,260,546,8,2019-06-11 10:11:36,2019-06-11 10:11:36,Armavir
108,10,0,11,11,222,548,9,2019-06-11 10:12:01,2019-06-30 13:01:23,Armavir
109,8,1,11,11,101,547,8,2019-06-11 10:12:02,2019-06-11 10:50:55,Armavir
110,8,0,11,11,222,548,8,2019-06-11 10:12:42,2019-06-11 10:51:06,Armavir
111,9,1,11,11,222,548,9,2019-06-11 10:12:54,2019-06-11 10:52:30,Armavir
112,9,0,11,11,220,544,9,2019-06-11 10:15:03,2019-06-11 10:15:03,Armavir
113,8,0,11,11,257,542,8,2019-06-11 10:15:33,2019-06-11 10:15:33,Armavir
114,10,0,11,11,254,539,8,2019-06-11 10:18:04,2019-06-11 10:50:30,Armavir
115,9,0,11,11,220,544,9,2019-06-11 10:21:34,2019-06-11 10:21:34,Armavir
116,8,0,11,11,101,547,10,2019-06-11 10:26:40,2019-07-23 13:34:13,Armavir
117,8,0,11,11,101,547,8,2019-06-11 12:30:29,2019-06-11 12:30:29,Armavir
118,9,0,11,11,279,571,9,2019-06-11 13:09:54,2019-06-11 13:09:54,Armavir
121,10,1,11,11,274,563,10,2019-06-11 13:17:16,2019-06-11 18:17:28,Armavir
122,10,0,11,11,274,563,10,2019-06-11 13:17:40,2019-06-11 13:17:40,Armavir
124,9,0,11,11,146,569,9,2019-06-11 13:19:12,2019-06-11 13:19:12,Armavir
125,11,0,11,11,126,579,11,2019-06-11 13:20:22,2019-06-11 13:20:22,Armavir
126,8,0,11,11,279,571,9,2019-06-11 13:20:34,2019-06-11 20:40:59,Armavir
127,9,0,11,11,277,567,9,2019-06-11 13:20:35,2019-06-11 13:20:35,Armavir
128,9,0,11,11,279,571,9,2019-06-11 13:21:03,2019-06-12 07:44:47,Armavir
129,9,0,11,11,272,561,9,2019-06-11 13:21:22,2019-06-11 13:21:22,Armavir
130,9,0,11,11,272,561,9,2019-06-11 13:26:06,2019-06-11 13:26:06,Armavir
131,9,0,11,11,272,561,9,2019-06-11 13:29:32,2019-06-11 13:29:32,Armavir
132,9,0,11,11,126,579,9,2019-06-11 13:32:31,2019-06-11 13:32:31,Armavir
133,8,0,11,11,279,571,8,2019-06-11 13:36:46,2019-06-11 13:36:46,Armavir
134,8,1,11,11,255,540,8,2019-06-11 13:45:35,2019-06-11 14:02:46,Armavir
135,9,0,11,10,244,514,9,2019-06-11 15:08:16,2019-06-11 15:08:16,Armavir
136,9,0,11,11,146,569,9,2019-06-11 17:28:31,2019-06-11 17:28:31,Armavir
137,9,0,11,11,272,561,9,2019-06-11 17:41:04,2019-06-19 11:42:29,Armavir
138,9,1,11,10,238,507,9,2019-06-11 18:00:09,2019-06-11 18:00:09,Armavir
139,10,0,11,11,255,540,8,2019-06-11 20:24:04,2019-06-11 20:48:32,Armavir
140,11,0,11,11,254,539,9,2019-06-12 10:41:45,2019-06-20 14:39:32,Armavir
141,11,0,11,11,254,539,10,2019-06-12 14:13:29,2019-06-21 07:55:09,Armavir
142,8,1,11,10,244,514,8,2019-06-12 19:37:54,2019-06-12 19:37:54,Armavir
143,8,0,11,10,237,506,9,2019-06-12 19:55:25,2019-06-27 16:15:03,Armavir
144,10,1,11,11,272,561,10,2019-06-13 09:21:31,2019-06-13 09:21:31,Armavir
145,9,1,11,11,222,548,9,2019-06-13 09:26:33,2019-06-13 09:26:33,Armavir
146,9,0,11,11,272,561,9,2019-06-13 09:40:05,2019-06-13 09:40:05,Armavir
147,9,0,11,11,146,569,9,2019-06-13 09:41:19,2019-06-13 09:41:19,Armavir
148,9,0,11,11,146,569,9,2019-06-13 09:56:53,2019-06-13 09:56:53,Armavir
149,9,0,11,11,272,561,9,2019-06-13 09:58:57,2019-06-13 09:58:57,Armavir
150,10,1,11,11,272,561,10,2019-06-13 10:13:15,2019-06-13 10:13:15,Armavir
151,9,0,11,11,222,548,9,2019-06-13 10:26:41,2019-06-13 10:26:41,Armavir
152,9,1,11,11,272,561,9,2019-06-13 11:47:27,2019-06-13 11:47:27,Armavir
153,9,1,11,11,146,569,9,2019-06-13 11:50:19,2019-06-13 11:50:19,Armavir
154,9,1,11,11,272,561,9,2019-06-13 12:34:02,2019-06-13 12:34:02,Armavir
155,11,1,11,10,224,493,11,2019-06-13 12:53:00,2019-06-13 12:53:00,Armavir
156,9,0,11,11,146,569,9,2019-06-13 13:09:55,2019-06-13 13:09:55,Armavir
157,8,0,7,33,664,1204,8,2019-06-13 14:26:08,2019-06-13 14:26:08,Syuniq
158,9,0,7,33,657,1196,9,2019-06-13 14:26:39,2019-06-13 14:26:39,Syuniq
159,10,0,7,33,664,1204,10,2019-06-13 14:26:53,2019-06-13 14:26:53,Syuniq
160,10,1,7,33,655,1194,10,2019-06-13 14:27:02,2019-06-13 14:27:02,Syuniq
161,10,0,7,33,655,1194,10,2019-06-13 14:27:58,2019-06-13 14:27:58,Syuniq
162,8,0,7,33,658,1197,8,2019-06-13 14:28:06,2019-06-13 14:28:06,Syuniq
163,8,0,7,33,664,1204,8,2019-06-13 14:28:33,2019-06-13 14:28:33,Syuniq
164,10,0,7,33,659,1199,10,2019-06-13 14:28:50,2019-06-13 14:28:50,Syuniq
165,9,0,7,33,659,1199,9,2019-06-13 14:31:10,2019-06-13 14:31:10,Syuniq
166,11,0,7,33,661,1201,11,2019-06-13 14:32:20,2019-06-13 14:32:20,Syuniq
167,9,0,7,33,669,1210,9,2019-06-13 14:32:43,2019-06-13 14:32:43,Syuniq
169,9,0,7,33,669,1210,8,2019-06-13 14:33:27,2019-06-22 17:44:10,Syuniq
170,11,0,7,33,651,1184,11,2019-06-13 14:33:39,2019-06-13 14:33:39,Syuniq
171,11,1,7,33,662,1202,11,2019-06-13 14:33:48,2019-06-13 14:33:48,Syuniq
172,8,1,7,33,654,1193,8,2019-06-13 14:34:22,2019-06-13 14:34:22,Syuniq
173,11,0,7,33,659,1199,11,2019-06-13 14:34:57,2019-06-13 14:34:57,Syuniq
174,8,0,7,33,658,1197,8,2019-06-13 14:36:07,2019-06-13 14:36:07,Syuniq
175,11,1,7,33,657,1196,11,2019-06-13 14:36:17,2019-06-13 14:36:17,Syuniq
176,10,0,7,33,661,1201,10,2019-06-13 14:36:30,2019-06-13 14:36:30,Syuniq
177,9,0,7,33,659,1199,9,2019-06-13 14:37:02,2019-06-13 14:37:02,Syuniq
178,11,0,7,33,659,1199,8,2019-06-13 14:38:52,2019-06-22 14:25:23,Syuniq
179,9,0,7,33,669,1210,9,2019-06-13 14:39:20,2019-06-13 14:39:20,Syuniq
180,11,0,7,33,661,1201,11,2019-06-13 14:40:16,2019-06-13 14:40:16,Syuniq
181,10,0,7,33,664,1204,10,2019-06-13 14:46:25,2019-06-13 14:46:25,Syuniq
182,9,1,11,11,146,569,9,2019-06-13 15:11:38,2019-06-13 15:11:38,Armavir
183,9,0,11,11,146,569,9,2019-06-13 15:15:18,2019-06-13 15:15:18,Armavir
184,10,1,11,11,146,569,10,2019-06-13 15:18:24,2019-06-13 15:18:24,Armavir
185,9,1,11,11,146,569,9,2019-06-13 16:43:07,2019-06-13 16:43:07,Armavir
186,9,1,11,11,272,561,9,2019-06-13 20:11:29,2019-06-13 20:11:29,Armavir
187,11,1,7,33,657,1196,11,2019-06-13 20:24:37,2019-06-13 20:24:37,Syuniq
188,9,1,11,11,272,561,9,2019-06-13 21:12:10,2019-06-13 21:12:10,Armavir
189,11,1,11,11,272,561,8,2019-06-14 09:38:40,2019-07-09 14:50:07,Armavir
190,8,1,11,11,272,561,8,2019-06-14 09:38:58,2019-06-14 09:38:58,Armavir
191,8,1,11,11,272,561,8,2019-06-14 09:41:50,2019-06-14 09:41:50,Armavir
192,8,0,11,11,272,561,8,2019-06-14 09:56:35,2019-06-14 09:56:35,Armavir
193,8,0,11,11,272,561,8,2019-06-14 09:57:42,2019-06-14 09:57:42,Armavir
194,8,0,11,11,272,561,8,2019-06-14 09:58:21,2019-06-14 09:58:21,Armavir
195,11,0,11,11,272,561,11,2019-06-14 10:00:01,2019-06-14 10:00:01,Armavir
196,11,0,11,11,272,561,11,2019-06-14 10:01:11,2019-06-14 10:01:11,Armavir
197,11,1,11,11,272,561,11,2019-06-14 10:24:01,2019-06-14 10:24:01,Armavir
198,11,1,11,11,272,561,11,2019-06-14 10:34:52,2019-06-14 10:34:52,Armavir
199,8,1,11,11,272,561,8,2019-06-14 10:40:17,2019-06-14 10:40:17,Armavir
200,11,0,11,11,272,561,11,2019-06-14 11:39:02,2019-06-14 11:39:02,Armavir
201,8,0,7,34,673,1223,8,2019-06-14 11:40:14,2019-06-14 11:40:14,Syuniq
202,8,0,7,34,673,1218,8,2019-06-14 11:41:12,2019-06-14 11:41:12,Syuniq
203,8,1,7,34,673,1223,8,2019-06-14 11:41:15,2019-06-14 11:41:15,Syuniq
204,8,1,7,34,693,1252,8,2019-06-14 11:41:26,2019-06-14 11:41:26,Syuniq
205,11,1,7,34,676,1234,11,2019-06-14 11:41:31,2019-06-14 11:41:31,Syuniq
206,9,1,7,34,674,1228,9,2019-06-14 11:42:22,2019-06-14 11:42:22,Syuniq
207,9,1,7,34,674,1229,9,2019-06-14 11:42:36,2019-06-14 11:42:36,Syuniq
208,8,1,7,34,673,1218,8,2019-06-14 11:42:38,2019-06-14 11:42:38,Syuniq
209,8,0,7,34,674,1228,8,2019-06-14 11:43:29,2019-06-14 11:43:29,Syuniq
210,8,0,7,34,673,1219,8,2019-06-14 11:44:48,2019-06-14 11:44:48,Syuniq
211,8,0,7,34,673,1219,8,2019-06-14 11:44:57,2019-06-14 11:44:57,Syuniq
212,8,0,7,34,673,1227,8,2019-06-14 11:45:16,2019-06-14 11:45:16,Syuniq
213,8,0,7,34,673,1222,8,2019-06-14 11:46:50,2019-06-14 11:46:50,Syuniq
214,9,1,7,34,673,1227,9,2019-06-14 11:50:02,2019-06-14 11:50:02,Syuniq
215,9,0,11,11,272,561,9,2019-06-14 13:03:55,2019-06-14 13:03:55,Armavir
216,9,0,11,11,272,561,9,2019-06-14 13:05:21,2019-06-14 13:05:21,Armavir
217,11,0,7,34,693,1252,11,2019-06-14 13:48:30,2019-06-14 13:48:30,Syuniq
218,10,0,7,34,475,1249,10,2019-06-14 14:01:54,2019-06-14 14:01:54,Syuniq
219,9,0,7,34,475,1249,9,2019-06-14 14:02:01,2019-06-14 14:02:01,Syuniq
220,9,0,7,34,694,1253,9,2019-06-14 14:02:22,2019-06-14 14:02:22,Syuniq
221,10,0,7,34,677,1235,10,2019-06-14 14:02:34,2019-06-14 14:02:34,Syuniq
222,10,0,7,34,680,1238,8,2019-06-14 14:03:14,2019-06-14 14:41:11,Syuniq
223,10,0,7,34,686,1244,10,2019-06-14 14:03:31,2019-06-14 14:03:31,Syuniq
224,9,0,7,34,689,1247,9,2019-06-14 14:03:41,2019-06-14 17:24:08,Syuniq
225,8,1,7,34,677,1235,8,2019-06-14 14:05:43,2019-06-14 14:05:43,Syuniq
226,10,0,7,34,681,1239,10,2019-06-14 14:05:56,2019-06-14 14:05:56,Syuniq
227,9,1,7,34,689,1247,9,2019-06-14 14:06:08,2019-06-14 14:06:08,Syuniq
228,10,0,7,34,681,1239,10,2019-06-14 14:06:35,2019-06-14 14:06:35,Syuniq
229,10,1,7,34,677,1235,10,2019-06-14 14:07:47,2019-06-14 14:07:47,Syuniq
230,11,1,7,34,686,1244,11,2019-06-14 14:08:40,2019-06-14 14:08:40,Syuniq
231,10,0,7,34,692,1251,10,2019-06-14 14:09:02,2019-06-14 14:09:02,Syuniq
232,10,0,7,34,475,1249,10,2019-06-14 14:09:05,2019-06-14 14:09:05,Syuniq
233,8,1,7,34,686,1244,8,2019-06-14 14:09:39,2019-06-14 14:09:39,Syuniq
234,11,0,7,34,673,1214,11,2019-06-14 14:09:50,2019-06-14 14:09:50,Syuniq
235,9,1,7,34,693,1252,9,2019-06-14 14:10:52,2019-06-14 14:10:52,Syuniq
236,8,1,7,34,673,1223,8,2019-06-14 14:11:01,2019-06-14 14:11:01,Syuniq
238,10,0,7,34,692,1251,10,2019-06-14 14:12:28,2019-06-14 14:12:28,Syuniq
239,8,1,7,34,686,1244,8,2019-06-14 14:13:15,2019-06-14 14:13:15,Syuniq
240,8,0,7,34,673,1214,8,2019-06-14 14:17:55,2019-06-14 14:17:55,Syuniq
241,9,0,11,11,272,561,9,2019-06-14 15:49:21,2019-06-14 15:49:21,Armavir
242,9,1,11,11,272,561,9,2019-06-14 19:52:24,2019-06-14 19:52:24,Armavir
243,9,1,7,34,673,1227,9,2019-06-14 20:05:20,2019-06-14 20:05:20,Syuniq
244,8,0,7,34,673,1219,8,2019-06-14 20:25:44,2019-06-14 20:25:44,Syuniq
245,8,0,7,34,673,1219,8,2019-06-14 20:41:44,2019-06-14 20:41:44,Syuniq
246,8,0,7,34,673,1219,8,2019-06-14 20:53:14,2019-06-14 20:53:14,Syuniq
247,9,1,11,11,146,569,9,2019-06-14 20:59:43,2019-06-14 20:59:43,Armavir
248,8,1,7,34,673,1219,8,2019-06-14 21:04:39,2019-06-14 21:04:39,Syuniq
249,8,1,7,34,693,1252,8,2019-06-14 21:06:31,2019-06-14 21:06:31,Syuniq
250,8,1,7,34,673,1219,8,2019-06-14 22:25:08,2019-06-14 22:25:08,Syuniq
251,9,0,11,11,272,561,9,2019-06-15 07:38:37,2019-06-15 07:38:37,Armavir
252,8,1,7,34,673,1219,8,2019-06-15 07:39:37,2019-06-15 07:39:37,Syuniq
253,8,1,7,34,673,1227,8,2019-06-15 07:57:07,2019-06-15 09:43:02,Syuniq
254,11,1,7,34,673,1227,11,2019-06-15 08:57:56,2019-06-15 08:57:56,Syuniq
255,8,1,7,34,673,1227,8,2019-06-15 09:48:47,2019-06-15 09:48:47,Syuniq
256,8,0,7,34,673,1219,8,2019-06-15 10:03:35,2019-06-15 10:03:35,Syuniq
257,9,1,11,11,272,561,9,2019-06-15 10:15:42,2019-06-15 10:15:42,Armavir
258,9,0,7,33,668,1209,9,2019-06-15 11:18:46,2019-06-15 11:18:46,Syuniq
259,10,0,7,33,665,1205,10,2019-06-15 11:19:32,2019-07-02 13:39:26,Syuniq
260,10,0,7,33,665,1205,10,2019-06-15 11:20:18,2019-06-15 11:20:18,Syuniq
261,11,1,7,33,670,1211,11,2019-06-15 11:21:31,2019-06-15 11:21:31,Syuniq
262,10,0,7,33,665,1205,8,2019-06-15 11:22:00,2019-06-16 05:56:52,Syuniq
263,10,0,7,33,666,1206,10,2019-06-15 11:22:40,2019-06-15 11:22:40,Syuniq
264,10,0,7,33,656,1195,10,2019-06-15 11:23:18,2019-06-15 11:23:18,Syuniq
265,10,0,7,33,666,1206,10,2019-06-15 11:23:44,2019-06-15 11:23:44,Syuniq
266,9,0,7,33,641,1207,9,2019-06-15 11:24:09,2019-06-15 11:24:09,Syuniq
267,8,1,7,33,666,1206,8,2019-06-15 11:24:50,2019-06-15 11:24:50,Syuniq
268,11,1,7,33,670,1211,11,2019-06-15 11:24:53,2019-06-15 11:24:53,Syuniq
269,9,0,7,33,641,1207,9,2019-06-15 11:24:55,2019-06-15 11:24:55,Syuniq
270,11,1,7,33,670,1211,11,2019-06-15 11:28:05,2019-06-15 11:28:05,Syuniq
272,11,1,7,33,670,1211,11,2019-06-15 11:29:05,2019-06-15 11:29:05,Syuniq
273,8,0,7,33,660,1200,8,2019-06-15 11:32:31,2019-06-15 11:32:31,Syuniq
274,9,0,11,11,146,569,9,2019-06-15 11:48:34,2019-06-15 11:48:34,Armavir
275,9,0,11,11,146,569,9,2019-06-15 16:42:19,2019-06-15 16:42:19,Armavir
276,11,1,11,11,272,561,11,2019-06-15 18:12:51,2019-06-15 18:12:51,Armavir
277,9,1,11,11,272,561,9,2019-06-16 09:30:13,2019-06-16 09:30:13,Armavir
278,8,1,11,11,272,561,8,2019-06-16 12:30:42,2019-06-17 09:46:44,Armavir
279,8,0,11,11,272,561,8,2019-06-16 14:06:39,2019-06-16 14:06:39,Armavir
280,11,1,3,7,156,398,11,2019-06-16 22:29:21,2019-06-16 22:29:21,Ararat
281,11,0,7,34,693,1252,11,2019-06-17 07:54:47,2019-06-17 07:54:47,Syuniq
282,9,0,11,11,272,561,9,2019-06-17 07:55:39,2019-06-17 07:55:39,Armavir
285,9,0,11,11,272,561,9,2019-06-17 08:02:20,2019-06-17 08:02:20,Armavir
286,8,0,7,34,673,1219,8,2019-06-17 08:08:35,2019-06-17 08:08:35,Syuniq
287,9,0,7,33,665,1205,9,2019-06-17 08:34:33,2019-06-17 08:39:50,Syuniq
288,9,0,7,33,665,1205,9,2019-06-17 08:40:24,2019-06-17 08:40:24,Syuniq
289,9,1,7,33,665,1205,9,2019-06-17 08:42:35,2019-06-17 08:42:35,Syuniq
290,9,0,7,33,665,1205,9,2019-06-17 08:44:25,2019-06-17 08:44:25,Syuniq
291,10,1,7,33,665,1205,10,2019-06-17 08:45:27,2019-06-17 08:45:27,Syuniq
292,10,1,7,33,665,1205,10,2019-06-17 08:46:46,2019-06-17 08:46:46,Syuniq
293,10,1,7,33,665,1205,10,2019-06-17 08:47:53,2019-06-17 08:47:53,Syuniq
294,10,0,7,33,665,1205,10,2019-06-17 08:49:16,2019-06-17 08:49:16,Syuniq
295,10,0,7,33,665,1205,10,2019-06-17 08:53:11,2019-06-17 08:53:11,Syuniq
296,8,0,7,33,665,1205,8,2019-06-17 08:54:17,2019-06-17 08:54:17,Syuniq
297,8,0,7,33,665,1205,8,2019-06-17 08:55:28,2019-06-17 08:55:28,Syuniq
298,8,0,7,33,665,1205,8,2019-06-17 08:56:32,2019-06-17 08:56:32,Syuniq
299,8,1,7,33,665,1205,8,2019-06-17 08:58:05,2019-06-17 08:58:05,Syuniq
300,11,0,7,33,665,1205,11,2019-06-17 08:59:37,2019-06-17 08:59:37,Syuniq
301,11,0,7,33,665,1205,11,2019-06-17 09:01:04,2019-06-17 09:01:04,Syuniq
302,11,0,7,33,665,1205,11,2019-06-17 09:02:19,2019-06-17 09:02:19,Syuniq
303,8,1,7,33,665,1205,8,2019-06-17 09:03:23,2019-06-17 09:03:23,Syuniq
304,11,1,7,33,665,1205,11,2019-06-17 09:04:42,2019-06-17 09:04:42,Syuniq
305,11,1,7,33,665,1205,11,2019-06-17 09:05:36,2019-06-17 09:05:36,Syuniq
306,11,1,7,33,665,1205,11,2019-06-17 09:06:52,2019-06-17 09:06:52,Syuniq
307,10,1,11,11,272,561,10,2019-06-17 09:40:02,2019-06-17 09:40:02,Armavir
308,8,0,7,34,674,1229,8,2019-06-17 10:06:22,2019-06-17 10:06:22,Syuniq
309,8,0,7,34,674,1229,8,2019-06-17 10:20:42,2019-06-17 10:38:01,Syuniq
310,8,0,7,33,668,1209,8,2019-06-17 10:28:59,2019-06-17 13:35:21,Syuniq
311,9,1,11,11,255,540,9,2019-06-17 12:31:52,2019-06-17 12:31:52,Armavir
312,9,0,11,11,222,548,9,2019-06-17 14:23:35,2019-06-25 14:28:03,Armavir
313,9,0,11,11,255,540,9,2019-06-17 15:47:56,2019-06-17 15:47:56,Armavir
314,8,1,11,11,272,561,8,2019-06-17 18:10:24,2019-06-17 18:10:24,Armavir
315,10,1,7,33,665,1205,10,2019-06-17 18:39:11,2019-06-17 18:39:11,Syuniq
316,9,1,7,33,665,1205,9,2019-06-17 18:43:20,2019-06-17 18:43:20,Syuniq
317,8,1,11,11,272,561,8,2019-06-17 19:10:18,2019-06-17 19:10:18,Armavir
318,8,0,7,34,674,1229,8,2019-06-17 19:29:41,2019-06-17 19:29:41,Syuniq
319,8,0,7,34,674,1229,8,2019-06-18 07:51:27,2019-06-18 08:08:16,Syuniq
320,9,0,7,34,673,1223,10,2019-06-18 08:46:05,2019-06-24 21:03:22,Syuniq
321,9,0,7,34,673,1223,9,2019-06-18 09:13:47,2019-06-18 09:13:47,Syuniq
322,8,1,7,34,673,1223,8,2019-06-18 12:15:09,2019-06-18 12:15:09,Syuniq
323,9,0,7,34,673,1223,9,2019-06-18 17:41:21,2019-06-18 18:10:30,Syuniq
324,8,1,7,34,673,1223,8,2019-06-19 08:33:10,2019-06-19 08:33:10,Syuniq
325,8,1,7,34,673,1223,8,2019-06-19 08:38:10,2019-06-19 08:38:10,Syuniq
326,8,1,7,34,673,1223,8,2019-06-19 09:40:16,2019-06-29 11:09:56,Syuniq
327,11,0,11,11,272,561,11,2019-06-19 10:51:03,2019-06-19 10:51:03,Armavir
328,9,0,4,28,224,1055,9,2019-06-19 10:54:31,2019-06-19 10:54:31,Shirak
329,11,0,4,28,280,1070,10,2019-06-19 10:54:59,2019-06-29 16:08:27,Shirak
330,8,1,4,28,224,1055,9,2019-06-19 10:55:24,2019-06-19 18:56:39,Shirak
331,8,1,4,26,520,982,8,2019-06-19 10:55:31,2019-06-19 10:55:31,Shirak
332,11,1,4,28,280,1070,11,2019-06-19 10:55:54,2019-06-19 10:55:54,Shirak
333,10,0,4,28,280,1070,8,2019-06-19 10:57:05,2019-07-05 18:37:02,Shirak
334,10,0,4,28,540,1045,10,2019-06-19 10:59:16,2019-06-19 10:59:16,Shirak
335,8,0,4,28,561,1071,8,2019-06-19 10:59:16,2019-06-19 10:59:16,Shirak
336,9,0,4,26,520,982,9,2019-06-19 10:59:23,2019-06-19 10:59:23,Shirak
337,10,1,4,28,224,1055,10,2019-06-19 11:00:17,2019-06-19 11:00:17,Shirak
339,10,1,4,28,224,1055,10,2019-06-19 11:01:53,2019-06-19 11:01:53,Shirak
340,8,0,4,26,520,994,8,2019-06-19 14:14:33,2019-06-19 14:14:33,Shirak
341,8,1,4,26,520,997,8,2019-06-19 14:15:28,2019-06-19 14:15:28,Shirak
342,8,0,4,26,520,994,8,2019-06-19 14:16:11,2019-07-02 19:14:14,Shirak
343,9,0,4,26,520,999,9,2019-06-19 14:16:14,2019-06-19 14:16:14,Shirak
344,11,1,4,26,520,997,11,2019-06-19 14:17:16,2019-06-19 14:17:16,Shirak
345,9,1,4,26,520,995,9,2019-06-19 14:19:39,2019-06-19 14:19:39,Shirak
346,9,1,4,26,520,995,9,2019-06-19 14:21:28,2019-06-19 14:21:28,Shirak
347,8,1,4,28,224,1055,8,2019-06-19 14:42:12,2019-06-19 14:42:12,Shirak
348,10,1,4,28,224,1055,9,2019-06-19 14:43:14,2019-06-19 17:47:12,Shirak
349,11,0,11,11,254,539,11,2019-06-19 14:53:49,2019-06-19 14:53:49,Armavir
351,9,1,4,26,520,994,9,2019-06-19 16:01:45,2019-06-19 16:01:45,Shirak
352,9,0,11,11,272,561,10,2019-06-19 16:25:18,2019-07-07 14:50:08,Armavir
353,9,0,11,11,272,561,9,2019-06-19 16:26:50,2019-06-19 16:26:50,Armavir
354,9,1,11,11,272,561,9,2019-06-19 16:27:54,2019-06-19 16:27:54,Armavir
355,9,0,7,34,673,1223,9,2019-06-19 18:48:58,2019-06-19 18:48:58,Syuniq
356,10,0,4,26,520,995,10,2019-06-19 20:13:58,2019-06-19 20:13:58,Shirak
357,9,0,11,11,272,561,9,2019-06-19 20:42:45,2019-06-19 20:42:45,Armavir
358,9,0,4,26,520,992,9,2019-06-20 11:18:29,2019-06-20 11:18:29,Shirak
359,9,0,4,26,520,992,9,2019-06-20 11:27:59,2019-06-20 11:27:59,Shirak
360,9,0,4,26,520,1012,9,2019-06-20 11:30:30,2019-06-20 11:30:30,Shirak
361,8,0,4,26,520,1009,8,2019-06-20 11:30:36,2019-06-20 11:30:36,Shirak
362,10,0,4,26,520,1000,10,2019-06-20 11:30:59,2019-06-20 11:30:59,Shirak
363,8,0,4,26,520,1009,8,2019-06-20 11:31:26,2019-06-20 11:31:26,Shirak
364,8,0,4,26,520,1002,8,2019-06-20 11:31:44,2019-06-20 11:31:44,Shirak
365,8,0,4,26,520,1005,8,2019-06-20 11:31:48,2019-06-20 11:31:48,Shirak
366,8,0,4,26,520,1005,8,2019-06-20 11:32:03,2019-06-20 11:32:03,Shirak
367,11,0,4,26,520,1000,10,2019-06-20 11:32:45,2019-06-29 18:53:32,Shirak
368,8,1,4,26,520,1008,8,2019-06-20 11:33:58,2019-06-20 11:33:58,Shirak
369,11,1,4,26,520,1000,11,2019-06-20 11:34:48,2019-06-20 11:34:48,Shirak
370,8,0,4,26,520,1002,8,2019-06-20 11:34:51,2019-06-20 11:34:51,Shirak
371,8,1,4,26,520,1011,8,2019-06-20 11:38:33,2019-06-20 11:38:33,Shirak
372,9,0,4,26,520,992,9,2019-06-20 12:52:25,2019-06-20 12:52:25,Shirak
373,9,0,4,26,520,992,9,2019-06-20 13:15:50,2019-06-20 13:15:50,Shirak
374,11,1,4,26,520,1021,11,2019-06-20 13:25:31,2019-06-20 13:25:31,Shirak
375,11,1,4,26,520,1021,11,2019-06-20 13:25:32,2019-06-20 13:25:32,Shirak
376,9,1,4,26,520,1011,9,2019-06-20 13:55:29,2019-06-20 13:55:29,Shirak
377,9,1,4,26,520,983,9,2019-06-20 14:20:41,2019-06-20 14:20:41,Shirak
378,8,0,4,26,520,1019,8,2019-06-20 14:21:20,2019-06-20 14:21:20,Shirak
379,10,1,4,26,520,983,10,2019-06-20 14:21:36,2019-07-11 06:53:34,Shirak
380,9,1,4,26,520,983,9,2019-06-20 14:21:46,2019-06-20 14:21:46,Shirak
381,9,0,4,26,520,1018,9,2019-06-20 14:22:00,2019-06-20 14:22:00,Shirak
382,8,0,4,26,520,1018,8,2019-06-20 14:22:14,2019-06-20 14:22:14,Shirak
383,8,0,4,26,520,1018,8,2019-06-20 14:22:16,2019-06-20 14:22:16,Shirak
384,11,0,4,26,520,1015,11,2019-06-20 14:22:18,2019-06-20 14:22:18,Shirak
385,10,0,4,26,520,1013,10,2019-06-20 14:23:27,2019-06-20 14:23:27,Shirak
386,11,0,4,26,520,1003,11,2019-06-20 14:23:53,2019-06-25 15:32:17,Shirak
387,11,0,4,26,520,1021,11,2019-06-20 14:24:12,2019-06-20 14:24:12,Shirak
388,8,1,4,26,520,1019,8,2019-06-20 14:24:35,2019-06-20 14:24:35,Shirak
389,11,0,4,26,520,1015,8,2019-06-20 14:26:04,2019-06-24 14:50:15,Shirak
390,10,0,4,26,520,1003,10,2019-06-20 15:25:23,2019-06-20 15:25:23,Shirak
391,8,0,4,26,520,1003,8,2019-06-20 16:03:57,2019-06-20 16:03:57,Shirak
392,9,0,11,11,272,561,9,2019-06-20 16:58:07,2019-06-20 16:58:07,Armavir
393,9,0,4,26,520,999,9,2019-06-20 18:11:06,2019-06-20 18:11:06,Shirak
394,9,1,4,26,520,983,9,2019-06-20 19:04:48,2019-06-20 20:38:33,Shirak
395,8,1,4,26,520,992,8,2019-06-20 20:47:23,2019-06-20 20:47:23,Shirak
396,8,0,4,26,520,1005,8,2019-06-20 21:03:54,2019-06-21 13:41:16,Shirak
397,8,0,4,26,520,992,8,2019-06-20 21:04:03,2019-06-20 21:04:03,Shirak
398,8,0,4,26,520,1005,8,2019-06-20 21:57:34,2019-06-20 22:22:33,Shirak
399,8,1,4,26,520,992,8,2019-06-20 22:56:26,2019-06-20 22:56:26,Shirak
400,11,0,4,26,520,1003,11,2019-06-21 10:05:57,2019-06-21 10:05:57,Shirak
401,11,0,4,26,520,1003,11,2019-06-21 10:08:19,2019-06-21 10:08:19,Shirak
402,8,1,4,26,520,1003,8,2019-06-21 10:22:04,2019-06-21 10:22:04,Shirak
403,11,0,4,26,520,1003,11,2019-06-21 10:23:41,2019-06-21 10:23:41,Shirak
404,11,1,4,26,520,1003,9,2019-06-21 10:24:05,2019-06-21 11:55:33,Shirak
405,11,0,4,26,520,1003,11,2019-06-21 10:27:05,2019-06-21 10:27:05,Shirak
406,10,0,4,26,520,983,10,2019-06-21 11:31:10,2019-06-21 11:31:10,Shirak
407,10,0,4,26,520,983,10,2019-06-21 14:50:16,2019-06-21 14:50:16,Shirak
408,10,0,4,26,520,983,10,2019-06-21 16:46:41,2019-06-21 16:46:41,Shirak
409,10,0,4,26,520,983,10,2019-06-21 16:47:12,2019-06-21 16:47:12,Shirak
410,9,0,4,26,520,992,9,2019-06-21 18:09:07,2019-06-21 18:09:07,Shirak
411,11,0,4,28,280,1070,8,2019-06-21 19:27:38,2019-06-21 20:03:35,Shirak
412,11,0,11,11,272,561,11,2019-06-21 19:54:29,2019-06-21 19:54:29,Armavir
413,9,0,4,26,520,994,8,2019-06-22 13:19:16,2019-06-22 13:25:19,Shirak
414,8,1,11,11,272,561,8,2019-06-22 13:55:42,2019-06-22 13:55:42,Armavir
415,9,1,7,34,673,1223,9,2019-06-22 15:08:22,2019-06-22 15:08:22,Syuniq
416,11,0,4,26,520,1003,11,2019-06-22 20:01:33,2019-06-22 20:01:33,Shirak
417,10,0,7,33,656,1195,10,2019-06-22 21:49:25,2019-06-22 21:49:25,Syuniq
418,8,0,4,26,520,994,11,2019-06-23 12:02:04,2019-07-02 20:29:01,Shirak
419,8,1,4,26,520,1011,8,2019-06-24 19:06:32,2019-06-24 19:06:32,Shirak
420,11,0,7,34,673,1223,11,2019-06-24 20:21:53,2019-06-24 20:21:53,Syuniq
421,11,0,7,34,673,1223,11,2019-06-24 20:55:06,2019-06-24 21:13:37,Syuniq
422,11,0,7,34,673,1223,11,2019-06-24 21:07:02,2019-06-24 21:07:02,Syuniq
423,11,0,7,34,673,1223,11,2019-06-25 09:39:22,2019-06-25 09:39:22,Syuniq
424,11,0,7,34,673,1223,11,2019-06-25 09:47:43,2019-06-25 09:47:43,Syuniq
425,11,0,7,34,673,1223,10,2019-06-25 09:50:49,2019-06-26 19:41:00,Syuniq
426,11,0,7,34,673,1223,11,2019-06-25 09:52:08,2019-06-25 09:52:08,Syuniq
427,11,0,7,34,673,1223,11,2019-06-25 10:00:18,2019-06-25 10:00:18,Syuniq
428,11,1,11,11,272,561,11,2019-06-25 10:26:56,2019-06-25 10:26:56,Armavir
429,11,0,11,11,272,561,11,2019-06-25 12:18:17,2019-06-25 12:18:17,Armavir
430,11,1,11,11,272,561,11,2019-06-25 12:26:34,2019-06-25 12:26:34,Armavir
431,9,0,7,34,673,1223,9,2019-06-25 13:11:20,2019-06-25 13:11:20,Syuniq
432,9,0,7,34,673,1223,9,2019-06-25 13:12:08,2019-06-25 13:12:08,Syuniq
433,11,1,5,39,774,1363,11,2019-06-25 14:13:12,2019-06-25 14:13:12,Tavush
434,11,1,11,11,272,561,11,2019-06-25 15:31:37,2019-06-25 15:31:37,Armavir
435,11,1,11,11,272,561,11,2019-06-25 15:34:48,2019-06-25 15:34:48,Armavir
436,9,1,11,11,272,561,9,2019-06-25 16:32:56,2019-06-25 16:32:56,Armavir
437,11,0,7,34,673,1223,11,2019-06-25 19:20:02,2019-06-25 19:20:02,Syuniq
438,9,0,4,26,520,992,9,2019-06-25 19:56:46,2019-06-25 19:56:46,Shirak
439,9,0,4,26,520,992,9,2019-06-26 07:09:16,2019-06-26 07:48:11,Shirak
440,8,0,4,26,520,994,8,2019-06-26 10:47:24,2019-06-26 10:47:24,Shirak
441,11,1,7,34,673,1223,11,2019-06-26 11:36:48,2019-06-26 11:36:48,Syuniq
442,8,0,11,11,272,561,8,2019-06-26 11:46:19,2019-06-26 11:46:19,Armavir
443,8,0,4,26,520,994,8,2019-06-26 12:03:46,2019-06-26 12:03:46,Shirak
444,8,0,4,26,520,994,8,2019-06-26 12:30:11,2019-06-26 12:30:11,Shirak
445,11,0,7,34,673,1223,11,2019-06-26 14:53:49,2019-06-26 14:53:49,Syuniq
446,8,0,4,26,520,994,8,2019-06-26 16:54:19,2019-06-26 16:54:19,Shirak
447,8,0,4,26,520,994,8,2019-06-26 17:00:17,2019-06-26 17:00:17,Shirak
448,8,0,4,26,520,994,8,2019-06-26 17:21:10,2019-06-26 17:21:10,Shirak
449,8,0,4,26,520,994,8,2019-06-26 17:30:28,2019-06-26 17:30:28,Shirak
450,11,0,7,34,673,1223,11,2019-06-26 18:13:36,2019-06-26 22:14:25,Syuniq
451,8,0,4,26,520,994,8,2019-06-26 19:27:43,2019-06-26 19:27:43,Shirak
452,10,1,7,34,673,1223,10,2019-06-27 08:23:29,2019-06-27 08:23:29,Syuniq
453,10,1,7,34,673,1223,9,2019-06-27 09:06:54,2019-06-27 12:46:36,Syuniq
454,10,0,7,34,673,1223,10,2019-06-27 09:47:42,2019-06-27 09:47:42,Syuniq
455,11,1,7,34,673,1223,8,2019-06-27 09:59:12,2019-06-27 13:55:04,Syuniq
456,8,1,11,11,272,561,8,2019-06-27 12:59:09,2019-06-27 12:59:09,Armavir
457,11,0,7,34,693,1252,11,2019-06-27 14:51:44,2019-06-27 14:51:44,Syuniq
458,11,0,7,34,693,1252,11,2019-06-27 14:51:57,2019-06-27 14:51:57,Syuniq
459,11,0,7,34,673,1223,11,2019-06-27 15:01:51,2019-06-27 15:01:51,Syuniq
460,10,0,7,34,673,1223,10,2019-06-27 17:20:48,2019-06-27 17:20:48,Syuniq
461,11,1,11,11,272,561,11,2019-06-27 17:29:02,2019-06-27 17:29:02,Armavir
462,11,1,11,11,272,561,11,2019-06-27 19:50:39,2019-06-27 19:50:39,Armavir
463,10,1,7,34,673,1223,11,2019-06-27 20:08:18,2019-06-28 07:59:24,Syuniq
464,8,0,7,34,673,1223,8,2019-06-27 22:23:03,2019-06-27 22:23:03,Syuniq
465,9,0,11,10,222,489,9,2019-06-27 22:25:59,2019-06-27 22:25:59,Armavir
466,10,0,7,34,673,1223,10,2019-06-27 22:29:17,2019-06-28 17:28:15,Syuniq
467,8,0,4,26,520,994,8,2019-06-28 10:18:40,2019-06-28 10:18:40,Shirak
468,8,0,4,26,520,1000,8,2019-06-28 10:50:40,2019-06-28 10:50:40,Shirak
469,10,0,7,34,673,1223,10,2019-06-28 12:11:21,2019-06-28 12:11:21,Syuniq
470,11,0,7,34,673,1223,11,2019-06-28 15:01:39,2019-06-28 15:01:39,Syuniq
471,11,0,10,17,366,713,11,2019-06-28 19:44:26,2019-06-28 19:44:26,Lori
472,8,1,4,26,520,995,8,2019-06-28 19:50:44,2019-06-28 19:55:11,Shirak
473,10,0,7,34,673,1223,10,2019-06-29 11:08:13,2019-06-29 11:08:13,Syuniq
474,9,1,4,26,520,992,9,2019-06-29 16:32:59,2019-06-29 16:32:59,Shirak
475,8,0,11,11,257,542,8,2019-06-29 19:06:13,2019-06-29 19:06:13,Armavir
476,8,0,11,11,222,548,8,2019-06-29 19:14:50,2019-06-29 19:14:50,Armavir
477,10,0,11,11,222,548,10,2019-06-29 21:33:19,2019-06-29 22:19:08,Armavir
478,10,0,11,11,222,548,10,2019-06-29 21:44:57,2019-06-30 14:00:54,Armavir
479,8,0,11,11,257,542,8,2019-06-30 10:08:14,2019-06-30 10:08:14,Armavir
480,8,0,11,11,257,542,8,2019-06-30 10:10:32,2019-06-30 10:10:32,Armavir
481,8,0,11,11,257,542,8,2019-06-30 10:11:08,2019-06-30 10:11:08,Armavir
482,10,0,11,11,257,542,10,2019-06-30 10:57:19,2019-06-30 10:57:19,Armavir
483,9,0,11,11,257,542,9,2019-06-30 11:16:33,2019-06-30 11:16:33,Armavir
484,10,0,11,11,257,542,10,2019-06-30 11:38:11,2019-06-30 11:54:27,Armavir
485,10,0,11,11,257,542,10,2019-06-30 11:56:25,2019-06-30 11:56:25,Armavir
486,9,0,11,11,257,542,9,2019-06-30 12:26:40,2019-06-30 12:26:40,Armavir
487,10,0,11,11,257,542,10,2019-06-30 12:33:34,2019-06-30 12:33:34,Armavir
488,10,1,11,11,257,542,10,2019-06-30 12:36:07,2019-06-30 12:36:07,Armavir
489,10,0,11,11,257,542,10,2019-06-30 12:53:06,2019-06-30 12:53:06,Armavir
490,10,0,11,11,257,542,10,2019-06-30 13:06:42,2019-06-30 13:06:42,Armavir
491,10,0,11,11,222,548,10,2019-06-30 13:20:51,2019-06-30 13:20:51,Armavir
492,8,1,11,11,257,542,8,2019-06-30 15:58:15,2019-06-30 15:58:15,Armavir
493,9,0,11,11,257,542,9,2019-06-30 16:25:49,2019-06-30 16:25:49,Armavir
494,10,1,11,11,257,542,10,2019-06-30 17:19:55,2019-06-30 17:19:55,Armavir
495,11,0,10,20,414,812,11,2019-06-30 17:29:50,2019-06-30 17:29:50,Lori
496,9,1,11,11,257,542,9,2019-06-30 19:14:57,2019-06-30 19:14:57,Armavir
497,9,0,11,11,277,567,10,2019-06-30 20:34:04,2019-07-02 14:28:19,Armavir
498,10,0,11,10,218,491,10,2019-07-01 09:12:10,2019-07-01 09:12:10,Armavir
499,11,0,11,11,272,561,11,2019-07-01 09:23:50,2019-07-01 09:39:53,Armavir
500,8,0,4,26,520,994,8,2019-07-01 12:19:53,2019-07-01 12:19:53,Shirak
501,9,1,4,26,520,994,8,2019-07-01 12:21:29,2019-07-02 09:59:30,Shirak
502,8,0,4,26,520,994,8,2019-07-01 16:16:44,2019-07-01 16:16:44,Shirak
503,8,0,4,26,520,994,8,2019-07-02 09:19:22,2019-07-02 09:19:22,Shirak
505,8,0,4,26,520,994,8,2019-07-02 10:08:15,2019-07-02 16:51:09,Shirak
506,8,0,4,26,520,994,8,2019-07-02 10:13:34,2019-07-02 10:13:34,Shirak
507,8,0,4,26,520,994,8,2019-07-02 11:48:39,2019-07-02 11:48:39,Shirak
508,11,0,9,14,333,651,11,2019-07-02 17:29:25,2019-07-02 17:29:25,Gegharquniq
509,9,1,4,26,520,994,9,2019-07-02 19:40:56,2019-07-02 19:40:56,Shirak
510,9,0,4,26,520,994,9,2019-07-03 14:15:48,2019-07-03 14:15:48,Shirak
511,11,0,4,26,520,1003,11,2019-07-05 13:34:26,2019-07-05 13:34:26,Shirak
512,8,0,4,26,520,994,8,2019-07-06 14:52:05,2019-07-06 14:52:05,Shirak
514,11,0,4,26,520,1009,11,2019-07-07 12:46:05,2019-07-07 12:46:05,Shirak
515,8,0,4,28,556,1065,8,2019-07-07 17:47:31,2019-07-08 14:30:10,Shirak
516,8,0,4,26,520,1012,8,2019-07-08 13:44:28,2019-07-09 10:41:37,Shirak
517,8,0,4,26,520,1012,8,2019-07-08 15:14:36,2019-07-08 15:14:36,Shirak
518,8,0,4,26,520,1012,8,2019-07-08 15:19:26,2019-07-08 15:19:26,Shirak
519,8,0,4,26,520,1012,8,2019-07-08 17:59:46,2019-07-09 13:19:23,Shirak
520,8,1,4,26,520,1012,8,2019-07-08 18:05:35,2019-07-09 13:21:43,Shirak
521,8,0,4,26,520,1012,8,2019-07-08 18:21:30,2019-07-09 13:25:02,Shirak
522,8,0,4,26,520,1012,8,2019-07-08 18:25:20,2019-07-09 13:50:36,Shirak
523,8,0,4,26,520,1012,8,2019-07-08 18:31:47,2019-07-10 15:18:44,Shirak
524,8,0,4,26,520,1012,8,2019-07-08 18:42:08,2019-07-09 19:06:06,Shirak
525,8,1,4,26,520,1012,8,2019-07-09 10:05:56,2019-07-09 10:05:56,Shirak
526,8,1,4,26,520,1012,8,2019-07-09 17:08:01,2019-07-09 19:10:18,Shirak
527,8,0,11,11,257,542,8,2019-07-09 18:41:01,2019-07-09 19:20:12,Armavir
528,8,1,4,26,520,1012,8,2019-07-09 19:13:19,2019-07-09 19:13:19,Shirak
529,8,0,4,26,520,1012,8,2019-07-09 19:16:47,2019-07-09 19:16:47,Shirak
530,8,0,4,26,520,1012,8,2019-07-09 19:19:32,2019-07-09 19:19:43,Shirak
531,8,1,4,26,520,1012,8,2019-07-09 19:24:35,2019-07-09 19:24:35,Shirak
532,8,1,4,26,520,1012,8,2019-07-09 19:31:52,2019-07-09 19:31:52,Shirak
533,8,1,4,26,520,1012,8,2019-07-09 19:34:39,2019-07-09 19:34:39,Shirak
534,8,1,4,26,520,1012,8,2019-07-09 19:40:44,2019-07-09 19:40:44,Shirak
535,8,1,4,26,520,1012,8,2019-07-09 20:01:30,2019-07-09 20:01:30,Shirak
536,8,1,4,26,520,1012,8,2019-07-09 20:08:58,2019-07-09 20:08:58,Shirak
537,8,1,4,26,520,1012,8,2019-07-10 20:13:30,2019-07-10 20:13:30,Shirak
538,8,1,4,26,520,1012,8,2019-07-10 20:22:11,2019-07-10 20:22:11,Shirak
539,8,1,4,26,520,1012,8,2019-07-10 20:27:31,2019-07-10 20:27:31,Shirak
540,8,1,4,26,520,1012,8,2019-07-10 20:34:46,2019-07-10 20:34:46,Shirak
541,8,1,4,26,520,1012,8,2019-07-10 20:43:17,2019-07-10 20:43:17,Shirak
542,11,0,11,10,230,499,11,2019-07-11 20:09:40,2019-07-11 20:09:40,Armavir
